{
  "final_accuracy": 0.7407407407407407,
  "cross_val_results": {
    "excel": 0.7175925925925926,
    "lesly": 0.7453703703703703
  },
  "mean_cross_val_accuracy": 0.7314814814814814,
  "n_features": 20,
  "n_samples": 432,
  "model_converged": true,
  "final_log_likelihood": 8589.150698097477,
  "timestamp": "20251026_225708"
}